"氏名","ふりがな","氏名ふりがな"
"くまき貞一","くまきていいち","くまき貞一（くまきていいち）"
"松沢よしはる","まつざわよしはる","松沢よしはる（まつざわよしはる）"
"永沼かつゆき","ながぬまかつゆき","永沼かつゆき（ながぬまかつゆき）"
"永井朋子","ながいともこ","永井朋子（ながいともこ）"
"戸枝大幸","とえだだいこう","戸枝大幸（とえだだいこう）"
"山崎たい子","やまざきたいこ","山崎たい子（やまざきたいこ）"
"いながき浩","いながきひろし","いながき浩（いながきひろし）"
"福島宏紀","ふくしまひろき","福島宏紀（ふくしまひろき）"
"大沢たかし","おおさわたかし","大沢たかし（おおさわたかし）"
"古田しのぶ","ふるたしのぶ","古田しのぶ（ふるたしのぶ）"
"大畑修","おおはたおさむ","大畑修（おおはたおさむ）"
"山中りえ子","さんちゅうりえこ","山中りえ子（さんちゅうりえこ）"
"本田正則","ほんだせいそく","本田正則（ほんだせいそく）"
"石川さえだ","いしかわさえだ","石川さえだ（いしかわさえだ）"
"すどうあきお","すどうあきお","すどうあきお（すどうあきお）"
"福田光一","ふくだこういち","福田光一（ふくだこういち）"
"小田切かずのぶ","おだぎりかずのぶ","小田切かずのぶ（おだぎりかずのぶ）"
"野口将人","のぐちまさと","野口将人（のぐちまさと）"
"佐藤ありつね","さとうありつね","佐藤ありつね（さとうありつね）"
"渡辺かつひろ","わたなべかつひろ","渡辺かつひろ（わたなべかつひろ）"
"宇都宮章","うつのみやしょう","宇都宮章（うつのみやしょう）"
"みつき慎太郎","みつきしんたろう","みつき慎太郎（みつきしんたろう）"
"さがらとしこ","さがらとしこ","さがらとしこ（さがらとしこ）"
"大島実","おおしまみ","大島実（おおしまみ）"
"坂口勝也","さかぐちかつや","坂口勝也（さかぐちかつや）"
"うすい愛子","うすいあいこ","うすい愛子（うすいあいこ）"
"せいの恵子","せいのけいこ","せいの恵子（せいのけいこ）"
"赤江なつ","あかえなつ","赤江なつ（あかえなつ）"
"竹田ひろし","たけだひろし","竹田ひろし（たけだひろし）"
"吉田けいすけ","よしだけいすけ","吉田けいすけ（よしだけいすけ）"
"野々山研","ののやまけん","野々山研（ののやまけん）"
"青木博子","あおきひろこ","青木博子（あおきひろこ）"
"こまざき美紀","こまざきみき","こまざき美紀（こまざきみき）"
"坂場まさたけ","さかばまさたけ","坂場まさたけ（さかばまさたけ）"
"近藤光則","こんどうみつのり","近藤光則（こんどうみつのり）"
"宮島修","みやじまおさむ","宮島修（みやじまおさむ）"
"花見たかし","はなみたかし","花見たかし（はなみたかし）"
"名取ひであき","なとりひであき","名取ひであき（なとりひであき）"
"榎本一","えのもといち","榎本一（えのもといち）"
"やまだ加奈子","やまだかなこ","やまだ加奈子（やまだかなこ）"
"八巻直人","やまきなおと","八巻直人（やまきなおと）"
"土屋さとし","つちやさとし","土屋さとし（つちやさとし）"
"小池たくみ","こいけたくみ","小池たくみ（こいけたくみ）"
"椿くにじ","つばきくにじ","椿くにじ（つばきくにじ）"
"池田博一","いけだひろかず","池田博一（いけだひろかず）"
"上川晃","かみかわあきら","上川晃（かみかわあきら）"
"斉藤りえ","さいとうりえ","斉藤りえ（さいとうりえ）"
"石川小枝","いしかわこえだ","石川小枝（いしかわこえだ）"
"稲垣浩","いながきひろし","稲垣浩（いながきひろし）"
"吉岡けいた","よしおかけいた","吉岡けいた（よしおかけいた）"
"前田ゆきお","まえだゆきお","前田ゆきお（まえだゆきお）"
"榎本はじめ","えのもとはじめ","榎本はじめ（えのもとはじめ）"
"山崎満","やまざきまん","山崎満（やまざきまん）"
"小野田紀美","おのだきみ","小野田紀美（おのだきみ）"
"花見隆","はなみたかし","花見隆（はなみたかし）"
"八百川孝","はっぴゃくかわたかし","八百川孝（はっぴゃくかわたかし）"
"安田勝彦","やすだかつひこ","安田勝彦（やすだかつひこ）"
"山中邦彦","さんちゅうくにひこ","山中邦彦（さんちゅうくにひこ）"
"新部ゆうすけ","にいべゆうすけ","新部ゆうすけ（にいべゆうすけ）"
"いぬい宗和","いぬいそうわ","いぬい宗和（いぬいそうわ）"
"小田切和信","おだぎりかずのぶ","小田切和信（おだぎりかずのぶ）"
"竹田博","たけだひろし","竹田博（たけだひろし）"
"平方ゆきえ","へいほうゆきえ","平方ゆきえ（へいほうゆきえ）"
"金子章","かねこしょう","金子章（かねこしょう）"
"藤田隆一","ふじたりゅういち","藤田隆一（ふじたりゅういち）"
"相楽淑子","そうらくよしこ","相楽淑子（そうらくよしこ）"
"林千春","はやしちはる","林千春（はやしちはる）"
"横満加代子","よこまんかよこ","横満加代子（よこまんかよこ）"
"平田雅夫","ひらたまさお","平田雅夫（ひらたまさお）"
"佐藤有恒","さとうありつね","佐藤有恒（さとうありつね）"
"福田伸樹","ふくだのぶき","福田伸樹（ふくだのぶき）"
"宇野等","うのなど","宇野等（うのなど）"
"太田奈保子","おおたなおこ","太田奈保子（おおたなおこ）"
"鈴木隆司","すずきたかし","鈴木隆司（すずきたかし）"
"石川清","いしかわきよし","石川清（いしかわきよし）"
"福田実","ふくだみ","福田実（ふくだみ）"
"土屋敏","つちやとし","土屋敏（つちやとし）"
"樋口万丈","ひぐちばんじょう","樋口万丈（ひぐちばんじょう）"
"木元良八","きもとりょうはち","木元良八（きもとりょうはち）"
"中川大一","なかがわひろかず","中川大一（なかがわひろかず）"
"小関和幸","おぜきかずゆき","小関和幸（おぜきかずゆき）"
"山田加奈子","やまだかなこ","山田加奈子（やまだかなこ）"
"黒田みち子","くろだみちこ","黒田みち子（くろだみちこ）"
"永沼正光","ながぬままさみつ","永沼正光（ながぬままさみつ）"
"谷口健","たにぐちたけし","谷口健（たにぐちたけし）"
"古沢久美子","ふるさわくみこ","古沢久美子（ふるさわくみこ）"
"山崎泰子","やまざきやすこ","山崎泰子（やまざきやすこ）"
"後藤憲司","ごとうけんじ","後藤憲司（ごとうけんじ）"
"高木隆司","たかぎたかし","高木隆司（たかぎたかし）"
"小池工","こいけこう","小池工（こいけこう）"
"河野昭一郎","こうのしょういちろう","河野昭一郎（こうのしょういちろう）"
"尾身幸博","おみゆきひろ","尾身幸博（おみゆきひろ）"
"清水希一","しみずきいち","清水希一（しみずきいち）"
"駒村守晴","こまむらしゅせい","駒村守晴（こまむらしゅせい）"
"大原康惠","おおはらやすえ","大原康惠（おおはらやすえ）"
"樋園洋一","ひそのよういち","樋園洋一（ひそのよういち）"
"小野寺勉","おのでらつとむ","小野寺勉（おのでらつとむ）"
"堀内勲","ほりうちいさお","堀内勲（ほりうちいさお）"
"遠藤幸佑","えんどうこうすけ","遠藤幸佑（えんどうこうすけ）"
"和田良秋","わだよしあき","和田良秋（わだよしあき）"
"高木啓","たかぎけい","高木啓（たかぎけい）"
"堀内","ほりうち","堀内（ほりうち）"
"村山公佑","むらやまこうゆう","村山公佑（むらやまこうゆう）"
"松村善吉","まつむらぜんきち","松村善吉（まつむらぜんきち）"
"島岡清美","しまおかきよみ","島岡清美（しまおかきよみ）"
"永井四郎","ながいしろう","永井四郎（ながいしろう）"
"黛四郎","まゆずみしろう","黛四郎（まゆずみしろう）"
"早乙女政明","さおとめまさあき","早乙女政明（さおとめまさあき）"
"岩倉慶光","いわくらよしみつ","岩倉慶光（いわくらよしみつ）"
"苣木智治","ちゃのきともはる","苣木智治（ちゃのきともはる）"
"佐々木敏男","ささきとしお","佐々木敏男（ささきとしお）"
"安田","やすだ","安田（やすだ）"
"原田隆","はらだたかし","原田隆（はらだたかし）"
"三橋陸与","みつはしりくよ","三橋陸与（みつはしりくよ）"
"山口正次郎","やまぐちしょうじろう","山口正次郎（やまぐちしょうじろう）"
"金子","かねこ","金子（かねこ）"
"富岡博文","とみおかひろふみ","富岡博文（とみおかひろふみ）"
"江尻治雄","えじりはるお","江尻治雄（えじりはるお）"
"原田","はらだ","原田（はらだ）"
"羽生哲哉","はにゅうてつや","羽生哲哉（はにゅうてつや）"
"浅賀常太郎","あさがつねたろう","浅賀常太郎（あさがつねたろう）"
"福田［実］","ふくだ［み］","福田［実］（ふくだ［み］）"
"西良之","にしよしゆき","西良之（にしよしゆき）"
"曽根肇","そねはじめ","曽根肇（そねはじめ）"
"高木","たかぎ","高木（たかぎ）"
"池田勝美","いけだかつみ","池田勝美（いけだかつみ）"
"石川","いしかわ","石川（いしかわ）"
"三橋","みつはし","三橋（みつはし）"
"平田","ひらた","平田（ひらた）"
"鈴木","すずき","鈴木（すずき）"
"高木［啓］","たかぎ［けい］","高木［啓］（たかぎ［けい］）"
"松原茂","まつばらしげる","松原茂（まつばらしげる）"
"藤田","ふじた","藤田（ふじた）"
"小黒典秋","おぐろてんあき","小黒典秋（おぐろてんあき）"
"森野栄一","もりのえいいち","森野栄一（もりのえいいち）"
"黒田","くろだ","黒田（くろだ）"
